{
  "go_to_site" : {
    "transaction" : "go_to_site",
    "sampleCount" : 1815,
    "errorCount" : 0,
    "errorPct" : 0.0,
    "meanResTime" : 3.4639118457300313,
    "medianResTime" : 3.0,
    "minResTime" : 1.0,
    "maxResTime" : 30.0,
    "pct1ResTime" : 6.0,
    "pct2ResTime" : 6.0,
    "pct3ResTime" : 7.0,
    "throughput" : 6.037100728110937,
    "receivedKBytesPerSec" : 133.40682582694143,
    "sentKBytesPerSec" : 2.0339841320295635
  },
  "getCountry_SOAP_Request" : {
    "transaction" : "getCountry_SOAP_Request",
    "sampleCount" : 1,
    "errorCount" : 0,
    "errorPct" : 0.0,
    "meanResTime" : 13.0,
    "medianResTime" : 13.0,
    "minResTime" : 13.0,
    "maxResTime" : 13.0,
    "pct1ResTime" : 13.0,
    "pct2ResTime" : 13.0,
    "pct3ResTime" : 13.0,
    "throughput" : 76.92307692307693,
    "receivedKBytesPerSec" : 47.02524038461539,
    "sentKBytesPerSec" : 41.91706730769231
  },
  "comment_send_1" : {
    "transaction" : "comment_send_1",
    "sampleCount" : 1798,
    "errorCount" : 94,
    "errorPct" : 5.228031,
    "meanResTime" : 2.1256952169076713,
    "medianResTime" : 1.0,
    "minResTime" : 0.0,
    "maxResTime" : 57.0,
    "pct1ResTime" : 3.0,
    "pct2ResTime" : 5.0,
    "pct3ResTime" : 23.00999999999999,
    "throughput" : 5.981609378950591,
    "receivedKBytesPerSec" : 1.870958572240076,
    "sentKBytesPerSec" : 3.602174763505196
  },
  "comment_send_2" : {
    "transaction" : "comment_send_2",
    "sampleCount" : 1798,
    "errorCount" : 94,
    "errorPct" : 5.228031,
    "meanResTime" : 1.6590656284760859,
    "medianResTime" : 1.0,
    "minResTime" : 0.0,
    "maxResTime" : 57.0,
    "pct1ResTime" : 3.0,
    "pct2ResTime" : 4.0,
    "pct3ResTime" : 10.009999999999991,
    "throughput" : 5.981669078630005,
    "receivedKBytesPerSec" : 33.52183619546052,
    "sentKBytesPerSec" : 1.740759165460685
  },
  "open_ñlient_page" : {
    "transaction" : "open_ñlient_page",
    "sampleCount" : 1814,
    "errorCount" : 0,
    "errorPct" : 0.0,
    "meanResTime" : 2.014884233737592,
    "medianResTime" : 1.0,
    "minResTime" : 1.0,
    "maxResTime" : 10.0,
    "pct1ResTime" : 5.0,
    "pct2ResTime" : 5.0,
    "pct3ResTime" : 6.0,
    "throughput" : 6.034416800561527,
    "receivedKBytesPerSec" : 36.153525660617284,
    "sentKBytesPerSec" : 2.2982642111513627
  },
  "open_project_007" : {
    "transaction" : "open_project_007",
    "sampleCount" : 1,
    "errorCount" : 0,
    "errorPct" : 0.0,
    "meanResTime" : 10.0,
    "medianResTime" : 10.0,
    "minResTime" : 10.0,
    "maxResTime" : 10.0,
    "pct1ResTime" : 10.0,
    "pct2ResTime" : 10.0,
    "pct3ResTime" : 10.0,
    "throughput" : 100.0,
    "receivedKBytesPerSec" : 120.41015625,
    "sentKBytesPerSec" : 81.54296875
  },
  "login-1" : {
    "transaction" : "login-1",
    "sampleCount" : 1,
    "errorCount" : 0,
    "errorPct" : 0.0,
    "meanResTime" : 3.0,
    "medianResTime" : 3.0,
    "minResTime" : 3.0,
    "maxResTime" : 3.0,
    "pct1ResTime" : 3.0,
    "pct2ResTime" : 3.0,
    "pct3ResTime" : 3.0,
    "throughput" : 333.3333333333333,
    "receivedKBytesPerSec" : 446.6145833333333,
    "sentKBytesPerSec" : 169.59635416666666
  },
  "login-0" : {
    "transaction" : "login-0",
    "sampleCount" : 1,
    "errorCount" : 0,
    "errorPct" : 0.0,
    "meanResTime" : 3.0,
    "medianResTime" : 3.0,
    "minResTime" : 3.0,
    "maxResTime" : 3.0,
    "pct1ResTime" : 3.0,
    "pct2ResTime" : 3.0,
    "pct3ResTime" : 3.0,
    "throughput" : 333.3333333333333,
    "receivedKBytesPerSec" : 113.60677083333333,
    "sentKBytesPerSec" : 186.19791666666666
  },
  "deleteCommentFromDB" : {
    "transaction" : "deleteCommentFromDB",
    "sampleCount" : 15,
    "errorCount" : 0,
    "errorPct" : 0.0,
    "meanResTime" : 7.0666666666666655,
    "medianResTime" : 1.0,
    "minResTime" : 0.0,
    "maxResTime" : 81.0,
    "pct1ResTime" : 35.40000000000003,
    "pct2ResTime" : 81.0,
    "pct3ResTime" : 81.0,
    "throughput" : 0.05349195480999658,
    "receivedKBytesPerSec" : 5.537253134628552E-4,
    "sentKBytesPerSec" : 0.0
  },
  "open_project_007-0" : {
    "transaction" : "open_project_007-0",
    "sampleCount" : 1,
    "errorCount" : 0,
    "errorPct" : 0.0,
    "meanResTime" : 2.0,
    "medianResTime" : 2.0,
    "minResTime" : 2.0,
    "maxResTime" : 2.0,
    "pct1ResTime" : 2.0,
    "pct2ResTime" : 2.0,
    "pct3ResTime" : 2.0,
    "throughput" : 500.0,
    "receivedKBytesPerSec" : 170.41015625,
    "sentKBytesPerSec" : 190.91796875
  },
  "login" : {
    "transaction" : "login",
    "sampleCount" : 1,
    "errorCount" : 0,
    "errorPct" : 0.0,
    "meanResTime" : 7.0,
    "medianResTime" : 7.0,
    "minResTime" : 7.0,
    "maxResTime" : 7.0,
    "pct1ResTime" : 7.0,
    "pct2ResTime" : 7.0,
    "pct3ResTime" : 7.0,
    "throughput" : 142.85714285714286,
    "receivedKBytesPerSec" : 240.09486607142856,
    "sentKBytesPerSec" : 152.48325892857142
  },
  "open_project_007-1" : {
    "transaction" : "open_project_007-1",
    "sampleCount" : 1,
    "errorCount" : 0,
    "errorPct" : 0.0,
    "meanResTime" : 5.0,
    "medianResTime" : 5.0,
    "minResTime" : 5.0,
    "maxResTime" : 5.0,
    "pct1ResTime" : 5.0,
    "pct2ResTime" : 5.0,
    "pct3ResTime" : 5.0,
    "throughput" : 200.0,
    "receivedKBytesPerSec" : 172.65625,
    "sentKBytesPerSec" : 86.71875
  },
  "Total" : {
    "transaction" : "Total",
    "sampleCount" : 10906,
    "errorCount" : 188,
    "errorPct" : 1.7238218,
    "meanResTime" : 2.3612690262240923,
    "medianResTime" : 1.0,
    "minResTime" : 0.0,
    "maxResTime" : 87.0,
    "pct1ResTime" : 5.0,
    "pct2ResTime" : 6.0,
    "pct3ResTime" : 17.0,
    "throughput" : 36.27449676037412,
    "receivedKBytesPerSec" : 263.0155507603059,
    "sentKBytesPerSec" : 13.800310060510158
  },
  "open_projects_page" : {
    "transaction" : "open_projects_page",
    "sampleCount" : 1,
    "errorCount" : 0,
    "errorPct" : 0.0,
    "meanResTime" : 5.0,
    "medianResTime" : 5.0,
    "minResTime" : 5.0,
    "maxResTime" : 5.0,
    "pct1ResTime" : 5.0,
    "pct2ResTime" : 5.0,
    "pct3ResTime" : 5.0,
    "throughput" : 200.0,
    "receivedKBytesPerSec" : 2316.9921875,
    "sentKBytesPerSec" : 76.3671875
  },
  "open_guestbook_page_1" : {
    "transaction" : "open_guestbook_page_1",
    "sampleCount" : 1829,
    "errorCount" : 0,
    "errorPct" : 0.0,
    "meanResTime" : 1.8660470202296335,
    "medianResTime" : 1.0,
    "minResTime" : 1.0,
    "maxResTime" : 8.0,
    "pct1ResTime" : 5.0,
    "pct2ResTime" : 5.0,
    "pct3ResTime" : 5.0,
    "throughput" : 6.084416707695174,
    "receivedKBytesPerSec" : 24.43526655396302,
    "sentKBytesPerSec" : 2.341074397296776
  },
  "open_guestbook_page_2" : {
    "transaction" : "open_guestbook_page_2",
    "sampleCount" : 1829,
    "errorCount" : 0,
    "errorPct" : 0.0,
    "meanResTime" : 2.9732094040459263,
    "medianResTime" : 1.0,
    "minResTime" : 0.0,
    "maxResTime" : 87.0,
    "pct1ResTime" : 4.0,
    "pct2ResTime" : 13.0,
    "pct3ResTime" : 34.700000000000045,
    "throughput" : 6.084457189240258,
    "receivedKBytesPerSec" : 33.59427368871465,
    "sentKBytesPerSec" : 1.770672111712497
  }
}